<includes>
	<include name="skinshortcuts-mainmenu">
		<item id="1">
			<property name="id">$NUMBER[1]</property>
			<label>$ADDON[script.skinshortcuts 32022]</label>
			<label2>Live TV</label2>
			<icon>resource://resource.images.skinicons.wide/livetv.png</icon>
			<thumb>special://home/addons/resource.images.skinicons.wide/resources/tvshows.png</thumb>
			<property name="labelID">livetv</property>
			<property name="defaultID">livetv</property>
			<property name="background">$INFO[Window(Home).Property(SkinHelper.PvrBackground)]</property>
			<property name="backgroundName">571</property>
			<property name="thumb.name">tvshows.png</property>
			<property name="thumbName">tvshows.png</property>
			<visible>System.HasPVRAddon</visible>
			<onclick condition="![Skin.HasSetting(OpenSubMenuOnClick) + Integer.IsGreater(Container(4445).NumItems,0) + ![String.Contains(Skin.String(HomeLayout), netflix) | String.Contains(Skin.String(HomeLayout), win10)]]">ActivateWindow(TVGuide)</onclick>
			<property name="path">ActivateWindow(TVGuide)</property>
			<property name="list">TVGuide</property>
			<onclick condition="[Skin.HasSetting(OpenSubMenuOnClick) + Integer.IsGreater(Container(4445).NumItems,0)] | [String.Contains(Skin.String(HomeLayout), netflix) | String.Contains(Skin.String(HomeLayout), win10)]">SetFocus(4444,0)</onclick>
			<visible>String.IsEqual(System.ProfileName,Master user)</visible>
			<property name="submenuVisibility">livetv</property>
			<property name="group">mainmenu</property>
			<property name="hasSubmenu">True</property>
		</item>
		<item id="2">
			<property name="id">$NUMBER[2]</property>
			<label>$LOCALIZE[19163]</label>
			<label2 />
			<icon>resource://resource.images.skinicons.wide/tvrecordings.png</icon>
			<thumb />
			<property name="labelID">19163</property>
			<property name="defaultID">19163</property>
			<property name="translatedPath">ActivateWindow(TVRecordings,return)</property>
			<visible>System.HasPVRAddon</visible>
			<onclick condition="![Skin.HasSetting(OpenSubMenuOnClick) + Integer.IsGreater(Container(4445).NumItems,0) + ![String.Contains(Skin.String(HomeLayout), netflix) | String.Contains(Skin.String(HomeLayout), win10)]]">ActivateWindow(TVRecordings,return)</onclick>
			<property name="path">ActivateWindow(TVRecordings,return)</property>
			<property name="list">TVRecordings</property>
			<onclick condition="[Skin.HasSetting(OpenSubMenuOnClick) + Integer.IsGreater(Container(4445).NumItems,0)] | [String.Contains(Skin.String(HomeLayout), netflix) | String.Contains(Skin.String(HomeLayout), win10)]">SetFocus(4444,0)</onclick>
			<visible>String.IsEqual(System.ProfileName,Master user)</visible>
			<property name="submenuVisibility">num-19163</property>
			<property name="group">mainmenu</property>
			<property name="hasSubmenu">False</property>
		</item>
		<item id="3">
			<property name="id">$NUMBER[3]</property>
			<label>Movies</label>
			<label2>Video Add-On</label2>
			<icon>DefaultShortcut.png</icon>
			<thumb>special://home/addons/resource.images.skinicons.wide/resources/movies2.png</thumb>
			<property name="labelID">movies</property>
			<property name="defaultID" />
			<property name="translatedPath">ActivateWindow(Videos,"plugin://plugin.video.embycon/?url=%7Bserver%7D/emby/Users/%7Buserid%7D/Items%3FParentId%3Df137a2dd21bbc1b99aa5c0f6bf02a805%26IncludeItemTypes%3DMovie%26CollapseBoxSetItems%3DTrue%26GroupItemsIntoCollections%3DTrue%26Recursive%3DTrue%26IsMissing%3DFalse%26Fields%3D%7Bfield_filters%7D%26ImageTypeLimit%3D1%26format%3Djson&amp;mode=GET_CONTENT&amp;media_type=movies",return)</property>
			<property name="thumb.name">movies2.png</property>
			<property name="thumbName">movies2.png</property>
			<onclick condition="![Skin.HasSetting(OpenSubMenuOnClick) + Integer.IsGreater(Container(4445).NumItems,0) + ![String.Contains(Skin.String(HomeLayout), netflix) | String.Contains(Skin.String(HomeLayout), win10)]]">ActivateWindow(Videos,"plugin://plugin.video.embycon/?url=%7Bserver%7D/emby/Users/%7Buserid%7D/Items%3FParentId%3Df137a2dd21bbc1b99aa5c0f6bf02a805%26IncludeItemTypes%3DMovie%26CollapseBoxSetItems%3DTrue%26GroupItemsIntoCollections%3DTrue%26Recursive%3DTrue%26IsMissing%3DFalse%26Fields%3D%7Bfield_filters%7D%26ImageTypeLimit%3D1%26format%3Djson&amp;mode=GET_CONTENT&amp;media_type=movies",return)</onclick>
			<property name="path">ActivateWindow(Videos,"plugin://plugin.video.embycon/?url=%7Bserver%7D/emby/Users/%7Buserid%7D/Items%3FParentId%3Df137a2dd21bbc1b99aa5c0f6bf02a805%26IncludeItemTypes%3DMovie%26CollapseBoxSetItems%3DTrue%26GroupItemsIntoCollections%3DTrue%26Recursive%3DTrue%26IsMissing%3DFalse%26Fields%3D%7Bfield_filters%7D%26ImageTypeLimit%3D1%26format%3Djson&amp;mode=GET_CONTENT&amp;media_type=movies",return)</property>
			<property name="list">plugin://plugin.video.embycon/?url=%7Bserver%7D/emby/Users/%7Buserid%7D/Items%3FParentId%3Df137a2dd21bbc1b99aa5c0f6bf02a805%26IncludeItemTypes%3DMovie%26CollapseBoxSetItems%3DTrue%26GroupItemsIntoCollections%3DTrue%26Recursive%3DTrue%26IsMissing%3DFalse%26Fields%3D%7Bfield_filters%7D%26ImageTypeLimit%3D1%26format%3Djson&amp;mode=GET_CONTENT&amp;media_type=movies</property>
			<onclick condition="[Skin.HasSetting(OpenSubMenuOnClick) + Integer.IsGreater(Container(4445).NumItems,0)] | [String.Contains(Skin.String(HomeLayout), netflix) | String.Contains(Skin.String(HomeLayout), win10)]">SetFocus(4444,0)</onclick>
			<visible>String.IsEqual(System.ProfileName,Master user)</visible>
			<property name="submenuVisibility">movies</property>
			<property name="group">mainmenu</property>
			<property name="hasSubmenu">False</property>
		</item>
		<item id="4">
			<property name="id">$NUMBER[4]</property>
			<label>discovery+</label>
			<label2>Favourite</label2>
			<icon>DefaultFolder.png</icon>
			<thumb>C:\Users\media\KodiAutoHDR\portable_data\addons\plugin.video.discoveryplus\resources\icon.png</thumb>
			<property name="labelID">plugin.video.discoveryplus/</property>
			<property name="defaultID">plugin.video.discoveryplus/</property>
			<property name="translatedPath">ActivateWindow(10025,"plugin://plugin.video.discoveryplus/",return)</property>
			<onclick condition="![Skin.HasSetting(OpenSubMenuOnClick) + Integer.IsGreater(Container(4445).NumItems,0) + ![String.Contains(Skin.String(HomeLayout), netflix) | String.Contains(Skin.String(HomeLayout), win10)]]">ActivateWindow(10025,"plugin://plugin.video.discoveryplus/",return)</onclick>
			<property name="path">ActivateWindow(10025,"plugin://plugin.video.discoveryplus/",return)</property>
			<property name="list">plugin://plugin.video.discoveryplus/</property>
			<onclick condition="[Skin.HasSetting(OpenSubMenuOnClick) + Integer.IsGreater(Container(4445).NumItems,0)] | [String.Contains(Skin.String(HomeLayout), netflix) | String.Contains(Skin.String(HomeLayout), win10)]">SetFocus(4444,0)</onclick>
			<visible>String.IsEqual(System.ProfileName,Master user)</visible>
			<property name="submenuVisibility">plugin-video-discoveryplus</property>
			<property name="group">mainmenu</property>
			<property name="hasSubmenu">False</property>
		</item>
		<item id="5">
			<property name="id">$NUMBER[5]</property>
			<label>TV shows</label>
			<label2>Favourite</label2>
			<icon>DefaultFolder.png</icon>
			<thumb>C:\Users\media\KodiAutoHDR\portable_data\addons\plugin.video.embycon\icon.png</thumb>
			<property name="labelID">tvshows</property>
			<property name="defaultID">tvshows-showall</property>
			<property name="translatedPath">ActivateWindow(10025,"plugin://plugin.video.embycon/?media_type=tvshows&amp;mode=GET_CONTENT&amp;url=%7bserver%7d%2femby%2fUsers%2f%7buserid%7d%2fItems%3fParentId%3d6c2a057148b4d7c20a207c789aba6d07%26Fields%3d%7bfield_filters%7d%26ImageTypeLimit%3d1%26IsMissing%3dFalse%26IncludeItemTypes%3dSeries%26Recursive%3dTrue%26format%3djson",return)</property>
			<onclick condition="![Skin.HasSetting(OpenSubMenuOnClick) + Integer.IsGreater(Container(4445).NumItems,0) + ![String.Contains(Skin.String(HomeLayout), netflix) | String.Contains(Skin.String(HomeLayout), win10)]]">ActivateWindow(10025,"plugin://plugin.video.embycon/?media_type=tvshows&amp;mode=GET_CONTENT&amp;url=%7bserver%7d%2femby%2fUsers%2f%7buserid%7d%2fItems%3fParentId%3d6c2a057148b4d7c20a207c789aba6d07%26Fields%3d%7bfield_filters%7d%26ImageTypeLimit%3d1%26IsMissing%3dFalse%26IncludeItemTypes%3dSeries%26Recursive%3dTrue%26format%3djson",return)</onclick>
			<property name="path">ActivateWindow(10025,"plugin://plugin.video.embycon/?media_type=tvshows&amp;mode=GET_CONTENT&amp;url=%7bserver%7d%2femby%2fUsers%2f%7buserid%7d%2fItems%3fParentId%3d6c2a057148b4d7c20a207c789aba6d07%26Fields%3d%7bfield_filters%7d%26ImageTypeLimit%3d1%26IsMissing%3dFalse%26IncludeItemTypes%3dSeries%26Recursive%3dTrue%26format%3djson",return)</property>
			<property name="list">plugin://plugin.video.embycon/?media_type=tvshows&amp;mode=GET_CONTENT&amp;url=%7bserver%7d%2femby%2fUsers%2f%7buserid%7d%2fItems%3fParentId%3d6c2a057148b4d7c20a207c789aba6d07%26Fields%3d%7bfield_filters%7d%26ImageTypeLimit%3d1%26IsMissing%3dFalse%26IncludeItemTypes%3dSeries%26Recursive%3dTrue%26format%3djson</property>
			<onclick condition="[Skin.HasSetting(OpenSubMenuOnClick) + Integer.IsGreater(Container(4445).NumItems,0)] | [String.Contains(Skin.String(HomeLayout), netflix) | String.Contains(Skin.String(HomeLayout), win10)]">SetFocus(4444,0)</onclick>
			<visible>String.IsEqual(System.ProfileName,Master user)</visible>
			<property name="submenuVisibility">tvshows</property>
			<property name="group">mainmenu</property>
			<property name="hasSubmenu">False</property>
		</item>
		<item id="6">
			<property name="id">$NUMBER[6]</property>
			<label>$LOCALIZE[31062]</label>
			<label2>youtube</label2>
			<icon>resource://resource.images.skinicons.wide/youtube.png</icon>
			<thumb />
			<property name="labelID">plugin.video.youtube</property>
			<property name="defaultID">plugin.video.youtube</property>
			<property name="background">resource://resource.images.skinbackgrounds.titanium/hover_extensions.jpg</property>
			<property name="backgroundName">571</property>
			<onclick condition="![Skin.HasSetting(OpenSubMenuOnClick) + Integer.IsGreater(Container(4445).NumItems,0) + ![String.Contains(Skin.String(HomeLayout), netflix) | String.Contains(Skin.String(HomeLayout), win10)]]">ActivateWindow(10025,plugin://plugin.video.youtube,return)</onclick>
			<property name="path">ActivateWindow(10025,plugin://plugin.video.youtube,return)</property>
			<property name="list">plugin://plugin.video.youtube</property>
			<onclick condition="[Skin.HasSetting(OpenSubMenuOnClick) + Integer.IsGreater(Container(4445).NumItems,0)] | [String.Contains(Skin.String(HomeLayout), netflix) | String.Contains(Skin.String(HomeLayout), win10)]">SetFocus(4444,0)</onclick>
			<visible>String.IsEqual(System.ProfileName,Master user)</visible>
			<property name="submenuVisibility">plugin-video-youtube</property>
			<property name="group">mainmenu</property>
			<property name="hasSubmenu">False</property>
		</item>
		<item id="7">
			<property name="id">$NUMBER[7]</property>
			<label>Youtube Channels</label>
			<label2>Video Add-On</label2>
			<icon>special://home/addons/resource.images.skinicons.wide/resources/inprogressshows.png</icon>
			<thumb>special://home/addons/resource.images.skinicons.wide/resources/inprogressshows.png</thumb>
			<property name="labelID">plugin.video.ytchannels</property>
			<property name="defaultID">plugin.video.ytchannels</property>
			<property name="translatedPath">ActivateWindow(Videos,"plugin://plugin.video.ytchannels",return)</property>
			<property name="thumb.name">inprogressshows.png</property>
			<property name="thumbName">inprogressshows.png</property>
			<onclick condition="![Skin.HasSetting(OpenSubMenuOnClick) + Integer.IsGreater(Container(4445).NumItems,0) + ![String.Contains(Skin.String(HomeLayout), netflix) | String.Contains(Skin.String(HomeLayout), win10)]]">ActivateWindow(Videos,"plugin://plugin.video.ytchannels",return)</onclick>
			<property name="path">ActivateWindow(Videos,"plugin://plugin.video.ytchannels",return)</property>
			<property name="list">plugin://plugin.video.ytchannels</property>
			<onclick condition="[Skin.HasSetting(OpenSubMenuOnClick) + Integer.IsGreater(Container(4445).NumItems,0)] | [String.Contains(Skin.String(HomeLayout), netflix) | String.Contains(Skin.String(HomeLayout), win10)]">SetFocus(4444,0)</onclick>
			<visible>String.IsEqual(System.ProfileName,Master user)</visible>
			<property name="submenuVisibility">plugin-video-ytchannels</property>
			<property name="group">mainmenu</property>
			<property name="hasSubmenu">False</property>
		</item>
		<item id="8">
			<property name="id">$NUMBER[8]</property>
			<label>Hulu</label>
			<label2>Video Source</label2>
			<icon>DefaultShortcut.png</icon>
			<thumb>special://home/addons/resource.images.skinicons.wide/resources/videos.png</thumb>
			<property name="labelID">hulu</property>
			<property name="defaultID" />
			<property name="translatedPath">ActivateWindow(Videos,"upnp://f8109582-ce0e-46e5-898d-c832a8317e93/hulu/",return)</property>
			<property name="thumb.name">videos.png</property>
			<property name="thumbName">videos.png</property>
			<onclick condition="![Skin.HasSetting(OpenSubMenuOnClick) + Integer.IsGreater(Container(4445).NumItems,0) + ![String.Contains(Skin.String(HomeLayout), netflix) | String.Contains(Skin.String(HomeLayout), win10)]]">ActivateWindow(Videos,"upnp://f8109582-ce0e-46e5-898d-c832a8317e93/hulu/",return)</onclick>
			<property name="path">ActivateWindow(Videos,"upnp://f8109582-ce0e-46e5-898d-c832a8317e93/hulu/",return)</property>
			<property name="list">upnp://f8109582-ce0e-46e5-898d-c832a8317e93/hulu/</property>
			<onclick condition="[Skin.HasSetting(OpenSubMenuOnClick) + Integer.IsGreater(Container(4445).NumItems,0)] | [String.Contains(Skin.String(HomeLayout), netflix) | String.Contains(Skin.String(HomeLayout), win10)]">SetFocus(4444,0)</onclick>
			<visible>String.IsEqual(System.ProfileName,Master user)</visible>
			<property name="submenuVisibility">hulu</property>
			<property name="group">mainmenu</property>
			<property name="hasSubmenu">False</property>
		</item>
		<item id="9">
			<property name="id">$NUMBER[9]</property>
			<label>Games</label>
			<label2>Program</label2>
			<icon>DefaultGames.png</icon>
			<thumb />
			<property name="labelID">games</property>
			<property name="defaultID">games-retroplayer</property>
			<property name="translatedPath">ActivateWindow(Games,return)</property>
			<onclick condition="![Skin.HasSetting(OpenSubMenuOnClick) + Integer.IsGreater(Container(4445).NumItems,0) + ![String.Contains(Skin.String(HomeLayout), netflix) | String.Contains(Skin.String(HomeLayout), win10)]]">ActivateWindow(Games,return)</onclick>
			<property name="path">ActivateWindow(Games,return)</property>
			<property name="list">Games</property>
			<onclick condition="[Skin.HasSetting(OpenSubMenuOnClick) + Integer.IsGreater(Container(4445).NumItems,0)] | [String.Contains(Skin.String(HomeLayout), netflix) | String.Contains(Skin.String(HomeLayout), win10)]">SetFocus(4444,0)</onclick>
			<visible>String.IsEqual(System.ProfileName,Master user)</visible>
			<property name="submenuVisibility">games</property>
			<property name="group">mainmenu</property>
			<property name="hasSubmenu">False</property>
		</item>
		<item id="10">
			<property name="id">$NUMBER[10]</property>
			<label>Music</label>
			<label2>Music Source</label2>
			<icon>DefaultShortcut.png</icon>
			<thumb>special://home/addons/resource.images.skinicons.wide/resources/musicsongs.png</thumb>
			<property name="labelID">music</property>
			<property name="defaultID" />
			<property name="translatedPath">ActivateWindow(Music,"G:\\music\\Updated\\",return)</property>
			<property name="thumb.name">musicsongs.png</property>
			<property name="thumbName">musicsongs.png</property>
			<onclick condition="![Skin.HasSetting(OpenSubMenuOnClick) + Integer.IsGreater(Container(4445).NumItems,0) + ![String.Contains(Skin.String(HomeLayout), netflix) | String.Contains(Skin.String(HomeLayout), win10)]]">ActivateWindow(Music,"G:\\music\\Updated\\",return)</onclick>
			<property name="path">ActivateWindow(Music,"G:\\music\\Updated\\",return)</property>
			<property name="list">G:\\music\\Updated\\</property>
			<onclick condition="[Skin.HasSetting(OpenSubMenuOnClick) + Integer.IsGreater(Container(4445).NumItems,0)] | [String.Contains(Skin.String(HomeLayout), netflix) | String.Contains(Skin.String(HomeLayout), win10)]">SetFocus(4444,0)</onclick>
			<visible>String.IsEqual(System.ProfileName,Master user)</visible>
			<property name="submenuVisibility">music</property>
			<property name="group">mainmenu</property>
			<property name="hasSubmenu">False</property>
		</item>
		<item id="11">
			<property name="id">$NUMBER[11]</property>
			<label>$ADDON[script.skinshortcuts 32032]</label>
			<label2>playdvd</label2>
			<icon>resource://resource.images.skinicons.wide/videos.png</icon>
			<thumb />
			<property name="labelID">dvd</property>
			<property name="defaultID">dvd</property>
			<property name="translatedPath">XBMC.PlayDVD()</property>
			<visible>System.HasMediaDVD</visible>
			<onclick condition="![Skin.HasSetting(OpenSubMenuOnClick) + Integer.IsGreater(Container(4445).NumItems,0) + ![String.Contains(Skin.String(HomeLayout), netflix) | String.Contains(Skin.String(HomeLayout), win10)]]">XBMC.PlayDVD()</onclick>
			<property name="path">XBMC.PlayDVD()</property>
			<property name="list">XBMC.PlayDVD()</property>
			<onclick condition="[Skin.HasSetting(OpenSubMenuOnClick) + Integer.IsGreater(Container(4445).NumItems,0)] | [String.Contains(Skin.String(HomeLayout), netflix) | String.Contains(Skin.String(HomeLayout), win10)]">SetFocus(4444,0)</onclick>
			<visible>String.IsEqual(System.ProfileName,Master user)</visible>
			<property name="submenuVisibility">dvd</property>
			<property name="group">mainmenu</property>
			<property name="hasSubmenu">True</property>
		</item>
		<item id="12">
			<property name="id">$NUMBER[12]</property>
			<label>$LOCALIZE[10040]</label>
			<label2>Custom item</label2>
			<icon>resource://resource.images.skinicons.wide/addons.png</icon>
			<thumb />
			<property name="labelID">10040</property>
			<property name="defaultID">10040</property>
			<property name="background">resource://resource.images.skinbackgrounds.titanium/programs.jpg</property>
			<property name="backgroundName">571</property>
			<onclick condition="![Skin.HasSetting(OpenSubMenuOnClick) + Integer.IsGreater(Container(4445).NumItems,0) + ![String.Contains(Skin.String(HomeLayout), netflix) | String.Contains(Skin.String(HomeLayout), win10)]]">ActivateWindow(10025,addons://sources/video/,return)</onclick>
			<property name="path">ActivateWindow(10025,addons://sources/video/,return)</property>
			<property name="list">addons://sources/video/</property>
			<onclick condition="[Skin.HasSetting(OpenSubMenuOnClick) + Integer.IsGreater(Container(4445).NumItems,0)] | [String.Contains(Skin.String(HomeLayout), netflix) | String.Contains(Skin.String(HomeLayout), win10)]">SetFocus(4444,0)</onclick>
			<visible>String.IsEqual(System.ProfileName,Master user)</visible>
			<property name="submenuVisibility">num-10040</property>
			<property name="group">mainmenu</property>
			<property name="hasSubmenu">True</property>
		</item>
		<item id="13">
			<property name="id">$NUMBER[13]</property>
			<label>$LOCALIZE[10004]</label>
			<label2>Settings</label2>
			<icon>resource://resource.images.skinicons.wide/settings.png</icon>
			<thumb />
			<property name="labelID">settings</property>
			<property name="defaultID">settings</property>
			<property name="background">resource://resource.images.skinbackgrounds.titanium/systeminfo.jpg</property>
			<property name="backgroundName">571</property>
			<onclick condition="![Skin.HasSetting(OpenSubMenuOnClick) + Integer.IsGreater(Container(4445).NumItems,0) + ![String.Contains(Skin.String(HomeLayout), netflix) | String.Contains(Skin.String(HomeLayout), win10)]]">ActivateWindow(Settings)</onclick>
			<property name="path">ActivateWindow(Settings)</property>
			<property name="list">Settings</property>
			<onclick condition="[Skin.HasSetting(OpenSubMenuOnClick) + Integer.IsGreater(Container(4445).NumItems,0)] | [String.Contains(Skin.String(HomeLayout), netflix) | String.Contains(Skin.String(HomeLayout), win10)]">SetFocus(4444,0)</onclick>
			<visible>String.IsEqual(System.ProfileName,Master user)</visible>
			<property name="submenuVisibility">settings</property>
			<property name="group">mainmenu</property>
			<property name="hasSubmenu">True</property>
		</item>
	</include>
	<include />
	<include name="skinshortcuts-submenu">
		<item id="1">
			<property name="id">$NUMBER[1]</property>
			<property name="mainmenuid">1</property>
			<label>$LOCALIZE[22020]</label>
			<label2>Live TV</label2>
			<icon>DefaultShortcut.png</icon>
			<thumb />
			<property name="labelID">22020</property>
			<property name="defaultID">22020</property>
			<visible>[System.HasPVRAddon] + String.IsEqual(Container(300).ListItem.Property(submenuVisibility),livetv)</visible>
			<onclick>ActivateWindow(TVGuide)</onclick>
			<property name="path">ActivateWindow(TVGuide)</property>
			<property name="list">TVGuide</property>
			<visible>String.IsEqual(System.ProfileName,Master user)</visible>
			<property name="group">livetv</property>
			<property name="isSubmenu">True</property>
		</item>
		<item id="2">
			<property name="id">$NUMBER[2]</property>
			<property name="mainmenuid">1</property>
			<label>$LOCALIZE[19019]</label>
			<label2>Live TV</label2>
			<icon>DefaultShortcut.png</icon>
			<thumb />
			<property name="labelID">19019</property>
			<property name="defaultID">19019</property>
			<visible>[System.HasPVRAddon] + String.IsEqual(Container(300).ListItem.Property(submenuVisibility),livetv)</visible>
			<onclick>ActivateWindow(TVChannels)</onclick>
			<property name="path">ActivateWindow(TVChannels)</property>
			<property name="list">TVChannels</property>
			<visible>String.IsEqual(System.ProfileName,Master user)</visible>
			<property name="group">livetv</property>
			<property name="isSubmenu">True</property>
		</item>
		<item id="3">
			<property name="id">$NUMBER[3]</property>
			<property name="mainmenuid">1</property>
			<label>$LOCALIZE[19163]</label>
			<label2>Live TV</label2>
			<icon>DefaultShortcut.png</icon>
			<thumb />
			<property name="labelID">19163</property>
			<property name="defaultID">19163</property>
			<visible>[System.HasPVRAddon] + String.IsEqual(Container(300).ListItem.Property(submenuVisibility),livetv)</visible>
			<onclick>ActivateWindow(TVRecordings)</onclick>
			<property name="path">ActivateWindow(TVRecordings)</property>
			<property name="list">TVRecordings</property>
			<visible>String.IsEqual(System.ProfileName,Master user)</visible>
			<property name="group">livetv</property>
			<property name="isSubmenu">True</property>
		</item>
		<item id="4">
			<property name="id">$NUMBER[4]</property>
			<property name="mainmenuid">1</property>
			<label>$LOCALIZE[19040]</label>
			<label2>Live TV</label2>
			<icon>DefaultShortcut.png</icon>
			<thumb />
			<property name="labelID">19040</property>
			<property name="defaultID">19040</property>
			<visible>[System.HasPVRAddon] + String.IsEqual(Container(300).ListItem.Property(submenuVisibility),livetv)</visible>
			<onclick>ActivateWindow(TVTimers)</onclick>
			<property name="path">ActivateWindow(TVTimers)</property>
			<property name="list">TVTimers</property>
			<visible>String.IsEqual(System.ProfileName,Master user)</visible>
			<property name="group">livetv</property>
			<property name="isSubmenu">True</property>
		</item>
		<item id="5">
			<property name="id">$NUMBER[5]</property>
			<property name="mainmenuid">1</property>
			<label>$LOCALIZE[137]</label>
			<label2>Live TV</label2>
			<icon>DefaultShortcut.png</icon>
			<thumb />
			<property name="labelID">137</property>
			<property name="defaultID">137</property>
			<visible>[System.HasPVRAddon] + String.IsEqual(Container(300).ListItem.Property(submenuVisibility),livetv)</visible>
			<onclick>ActivateWindow(TVSearch)</onclick>
			<property name="path">ActivateWindow(TVSearch)</property>
			<property name="list">TVSearch</property>
			<visible>String.IsEqual(System.ProfileName,Master user)</visible>
			<property name="group">livetv</property>
			<property name="isSubmenu">True</property>
		</item>
		<item id="1">
			<property name="id">$NUMBER[1]</property>
			<property name="mainmenuid">11</property>
			<label>$ADDON[script.skinshortcuts 32033]</label>
			<label2>$ADDON[script.skinshortcuts 32034]</label2>
			<icon>DefaultDVDFull.png</icon>
			<thumb />
			<property name="labelID">32033</property>
			<property name="defaultID">32033</property>
			<onclick>EjectTray()</onclick>
			<property name="path">EjectTray()</property>
			<property name="list">EjectTray()</property>
			<visible>[String.IsEqual(System.ProfileName,Master user)] + String.IsEqual(Container(300).ListItem.Property(submenuVisibility),dvd)</visible>
			<property name="group">dvd</property>
			<property name="isSubmenu">True</property>
		</item>
		<item id="1">
			<property name="id">$NUMBER[1]</property>
			<property name="mainmenuid">12</property>
			<label>$LOCALIZE[10001]</label>
			<label2 />
			<icon>resource://resource.images.skinicons.wide/programs.png</icon>
			<thumb />
			<property name="labelID">programs</property>
			<property name="defaultID">programs</property>
			<onclick>ActivateWindow(Programs,Addons,return)</onclick>
			<property name="path">ActivateWindow(Programs,Addons,return)</property>
			<property name="list">Addons</property>
			<visible>[String.IsEqual(System.ProfileName,Master user)] + String.IsEqual(Container(300).ListItem.Property(submenuVisibility),num-10040)</visible>
			<property name="group">10040</property>
			<property name="isSubmenu">True</property>
		</item>
		<item id="2">
			<property name="id">$NUMBER[2]</property>
			<property name="mainmenuid">12</property>
			<label>$LOCALIZE[1037]</label>
			<label2 />
			<icon>resource://resource.images.skinicons.wide/videoaddons.png</icon>
			<thumb />
			<property name="labelID">1037</property>
			<property name="defaultID">1037</property>
			<onclick>ActivateWindow(Videos,addons,return)</onclick>
			<property name="path">ActivateWindow(Videos,addons,return)</property>
			<property name="list">addons</property>
			<visible>[String.IsEqual(System.ProfileName,Master user)] + String.IsEqual(Container(300).ListItem.Property(submenuVisibility),num-10040)</visible>
			<property name="group">10040</property>
			<property name="isSubmenu">True</property>
		</item>
		<item id="3">
			<property name="id">$NUMBER[3]</property>
			<property name="mainmenuid">12</property>
			<label>$LOCALIZE[1038]</label>
			<label2 />
			<icon>resource://resource.images.skinicons.wide/music.png</icon>
			<thumb />
			<property name="labelID">1038</property>
			<property name="defaultID">1038</property>
			<onclick>ActivateWindow(10502,addons://sources/audio/,return)</onclick>
			<property name="path">ActivateWindow(10502,addons://sources/audio/,return)</property>
			<property name="list">addons://sources/audio/</property>
			<visible>[String.IsEqual(System.ProfileName,Master user)] + String.IsEqual(Container(300).ListItem.Property(submenuVisibility),num-10040)</visible>
			<property name="group">10040</property>
			<property name="isSubmenu">True</property>
		</item>
		<item id="4">
			<property name="id">$NUMBER[4]</property>
			<property name="mainmenuid">12</property>
			<label>$LOCALIZE[1039]</label>
			<label2 />
			<icon>resource://resource.images.skinicons.wide/pictures.png</icon>
			<thumb />
			<property name="labelID">1039</property>
			<property name="defaultID">1039</property>
			<onclick>ActivateWindow(Pictures,Addons,return)</onclick>
			<property name="path">ActivateWindow(Pictures,Addons,return)</property>
			<property name="list">Addons</property>
			<visible>[String.IsEqual(System.ProfileName,Master user)] + String.IsEqual(Container(300).ListItem.Property(submenuVisibility),num-10040)</visible>
			<property name="group">10040</property>
			<property name="isSubmenu">True</property>
		</item>
		<item id="1">
			<property name="id">$NUMBER[1]</property>
			<property name="mainmenuid">13</property>
			<label>$LOCALIZE[20077]</label>
			<label2>Settings</label2>
			<icon>resource://resource.images.skinicons.wide/settings.png</icon>
			<thumb />
			<property name="labelID">20077</property>
			<property name="defaultID">20077</property>
			<onclick>ActivateWindow(SkinSettings)</onclick>
			<property name="path">ActivateWindow(SkinSettings)</property>
			<property name="list">SkinSettings</property>
			<visible>[String.IsEqual(System.ProfileName,Master user)] + String.IsEqual(Container(300).ListItem.Property(submenuVisibility),settings)</visible>
			<property name="group">settings</property>
			<property name="isSubmenu">True</property>
		</item>
		<item id="2">
			<property name="id">$NUMBER[2]</property>
			<property name="mainmenuid">13</property>
			<label>$LOCALIZE[10004]</label>
			<label2>Settings</label2>
			<icon>resource://resource.images.skinicons.wide/settings.png</icon>
			<thumb />
			<property name="labelID">settings</property>
			<property name="defaultID">20077</property>
			<onclick>ActivateWindow(Settings)</onclick>
			<property name="path">ActivateWindow(Settings)</property>
			<property name="list">Settings</property>
			<visible>[String.IsEqual(System.ProfileName,Master user)] + String.IsEqual(Container(300).ListItem.Property(submenuVisibility),settings)</visible>
			<property name="group">settings</property>
			<property name="isSubmenu">True</property>
		</item>
		<item id="3">
			<property name="id">$NUMBER[3]</property>
			<property name="mainmenuid">13</property>
			<label>$LOCALIZE[7]</label>
			<label2>Common Shortcut</label2>
			<icon>resource://resource.images.skinicons.wide/filemanager.png</icon>
			<thumb />
			<property name="labelID">7</property>
			<property name="defaultID">7</property>
			<onclick>ActivateWindow(FileManager)</onclick>
			<property name="path">ActivateWindow(FileManager)</property>
			<property name="list">FileManager</property>
			<visible>[String.IsEqual(System.ProfileName,Master user)] + String.IsEqual(Container(300).ListItem.Property(submenuVisibility),settings)</visible>
			<property name="group">settings</property>
			<property name="isSubmenu">True</property>
		</item>
		<item id="4">
			<property name="id">$NUMBER[4]</property>
			<property name="mainmenuid">13</property>
			<label>$LOCALIZE[14111]</label>
			<label2>Common Shortcut</label2>
			<icon>resource://resource.images.skinicons.wide/settings.png</icon>
			<thumb />
			<property name="labelID">14111</property>
			<property name="defaultID">14111</property>
			<visible>[system.getbool(eventlog.enabled)] + String.IsEqual(Container(300).ListItem.Property(submenuVisibility),settings)</visible>
			<onclick>ActivateWindow(eventlog)</onclick>
			<property name="path">ActivateWindow(eventlog)</property>
			<property name="list">eventlog</property>
			<visible>String.IsEqual(System.ProfileName,Master user)</visible>
			<property name="group">settings</property>
			<property name="isSubmenu">True</property>
		</item>
		<item id="1">
			<property name="id">$NUMBER[1]</property>
			<property name="mainmenuid">14</property>
			<label>$LOCALIZE[20126]</label>
			<label2>Kodi Command</label2>
			<icon>common/lock.png</icon>
			<thumb />
			<property name="labelID">20126</property>
			<property name="defaultID">20126</property>
			<visible>[[[System.HasLoginScreen | Integer.IsGreater(System.ProfileCount,1)] + System.Loggedon] + [System.HasLoginScreen]] + String.IsEqual(Container(300).ListItem.Property(submenuVisibility),powermenu)</visible>
			<onclick condition="Window.IsActive(DialogButtonMenu.xml)">Close</onclick>
			<onclick>System.LogOff</onclick>
			<property name="path">System.LogOff</property>
			<property name="list">System.LogOff</property>
			<visible>String.IsEqual(System.ProfileName,Master user)</visible>
			<property name="group">powermenu</property>
			<property name="isSubmenu">True</property>
		</item>
		<item id="2">
			<property name="id">$NUMBER[2]</property>
			<property name="mainmenuid">14</property>
			<label>$LOCALIZE[5]</label>
			<label2>Kodi Command</label2>
			<icon>common/settings1.png</icon>
			<thumb />
			<property name="labelID">5</property>
			<property name="defaultID">5</property>
			<onclick condition="Window.IsActive(DialogButtonMenu.xml)">Close</onclick>
			<onclick>ActivateWindow(Settings)</onclick>
			<property name="path">ActivateWindow(Settings)</property>
			<property name="list">Settings</property>
			<visible>[String.IsEqual(System.ProfileName,Master user)] + String.IsEqual(Container(300).ListItem.Property(submenuVisibility),powermenu)</visible>
			<property name="group">powermenu</property>
			<property name="isSubmenu">True</property>
		</item>
		<item id="3">
			<property name="id">$NUMBER[3]</property>
			<property name="mainmenuid">14</property>
			<label>$LOCALIZE[13009]</label>
			<label2>Kodi Command</label2>
			<icon>common/exit1.png</icon>
			<thumb />
			<property name="labelID">13009</property>
			<property name="defaultID">13009</property>
			<visible>[System.ShowExitButton] + String.IsEqual(Container(300).ListItem.Property(submenuVisibility),powermenu)</visible>
			<onclick condition="Window.IsActive(DialogButtonMenu.xml)">Close</onclick>
			<onclick>Quit()</onclick>
			<property name="path">Quit()</property>
			<property name="list">Quit()</property>
			<visible>String.IsEqual(System.ProfileName,Master user)</visible>
			<property name="group">powermenu</property>
			<property name="isSubmenu">True</property>
		</item>
		<item id="4">
			<property name="id">$NUMBER[4]</property>
			<property name="mainmenuid">14</property>
			<label>$LOCALIZE[13016]</label>
			<label2>Kodi Command</label2>
			<icon>common/shutdown1.png</icon>
			<thumb />
			<property name="labelID">13016</property>
			<property name="defaultID">13016</property>
			<onclick condition="Window.IsActive(DialogButtonMenu.xml)">Close</onclick>
			<onclick>ShutDown</onclick>
			<property name="path">ShutDown</property>
			<property name="list">ShutDown</property>
			<visible>[String.IsEqual(System.ProfileName,Master user)] + String.IsEqual(Container(300).ListItem.Property(submenuVisibility),powermenu)</visible>
			<property name="group">powermenu</property>
			<property name="isSubmenu">True</property>
		</item>
		<item id="5">
			<property name="id">$NUMBER[5]</property>
			<property name="mainmenuid">14</property>
			<label>$LOCALIZE[13013]</label>
			<label2>Kodi Command</label2>
			<icon>common/reboot1.png</icon>
			<thumb />
			<property name="labelID">13013</property>
			<property name="defaultID">13013</property>
			<onclick condition="Window.IsActive(DialogButtonMenu.xml)">Close</onclick>
			<onclick>Reboot</onclick>
			<property name="path">Reboot</property>
			<property name="list">Reboot</property>
			<visible>[String.IsEqual(System.ProfileName,Master user)] + String.IsEqual(Container(300).ListItem.Property(submenuVisibility),powermenu)</visible>
			<property name="group">powermenu</property>
			<property name="isSubmenu">True</property>
		</item>
	</include>
	<include name="skinshortcuts-group-livetv">
		<item id="1">
			<property name="id">$NUMBER[1]</property>
			<property name="mainmenuid">1</property>
			<label>$LOCALIZE[22020]</label>
			<label2>Live TV</label2>
			<icon>DefaultShortcut.png</icon>
			<thumb />
			<property name="labelID">22020</property>
			<property name="defaultID">22020</property>
			<visible>System.HasPVRAddon</visible>
			<onclick>ActivateWindow(TVGuide)</onclick>
			<property name="path">ActivateWindow(TVGuide)</property>
			<property name="list">TVGuide</property>
			<visible>String.IsEqual(System.ProfileName,Master user)</visible>
			<property name="group">livetv</property>
			<property name="isSubmenu">True</property>
		</item>
		<item id="2">
			<property name="id">$NUMBER[2]</property>
			<property name="mainmenuid">1</property>
			<label>$LOCALIZE[19019]</label>
			<label2>Live TV</label2>
			<icon>DefaultShortcut.png</icon>
			<thumb />
			<property name="labelID">19019</property>
			<property name="defaultID">19019</property>
			<visible>System.HasPVRAddon</visible>
			<onclick>ActivateWindow(TVChannels)</onclick>
			<property name="path">ActivateWindow(TVChannels)</property>
			<property name="list">TVChannels</property>
			<visible>String.IsEqual(System.ProfileName,Master user)</visible>
			<property name="group">livetv</property>
			<property name="isSubmenu">True</property>
		</item>
		<item id="3">
			<property name="id">$NUMBER[3]</property>
			<property name="mainmenuid">1</property>
			<label>$LOCALIZE[19163]</label>
			<label2>Live TV</label2>
			<icon>DefaultShortcut.png</icon>
			<thumb />
			<property name="labelID">19163</property>
			<property name="defaultID">19163</property>
			<visible>System.HasPVRAddon</visible>
			<onclick>ActivateWindow(TVRecordings)</onclick>
			<property name="path">ActivateWindow(TVRecordings)</property>
			<property name="list">TVRecordings</property>
			<visible>String.IsEqual(System.ProfileName,Master user)</visible>
			<property name="group">livetv</property>
			<property name="isSubmenu">True</property>
		</item>
		<item id="4">
			<property name="id">$NUMBER[4]</property>
			<property name="mainmenuid">1</property>
			<label>$LOCALIZE[19040]</label>
			<label2>Live TV</label2>
			<icon>DefaultShortcut.png</icon>
			<thumb />
			<property name="labelID">19040</property>
			<property name="defaultID">19040</property>
			<visible>System.HasPVRAddon</visible>
			<onclick>ActivateWindow(TVTimers)</onclick>
			<property name="path">ActivateWindow(TVTimers)</property>
			<property name="list">TVTimers</property>
			<visible>String.IsEqual(System.ProfileName,Master user)</visible>
			<property name="group">livetv</property>
			<property name="isSubmenu">True</property>
		</item>
		<item id="5">
			<property name="id">$NUMBER[5]</property>
			<property name="mainmenuid">1</property>
			<label>$LOCALIZE[137]</label>
			<label2>Live TV</label2>
			<icon>DefaultShortcut.png</icon>
			<thumb />
			<property name="labelID">137</property>
			<property name="defaultID">137</property>
			<visible>System.HasPVRAddon</visible>
			<onclick>ActivateWindow(TVSearch)</onclick>
			<property name="path">ActivateWindow(TVSearch)</property>
			<property name="list">TVSearch</property>
			<visible>String.IsEqual(System.ProfileName,Master user)</visible>
			<property name="group">livetv</property>
			<property name="isSubmenu">True</property>
		</item>
	</include>
	<include name="skinshortcuts-group-alt-livetv">
		<item id="1">
			<property name="id">$NUMBER[1]</property>
			<property name="mainmenuid">1</property>
			<label>$LOCALIZE[22020]</label>
			<label2>Live TV</label2>
			<icon>DefaultShortcut.png</icon>
			<thumb />
			<property name="labelID">22020</property>
			<property name="defaultID">22020</property>
			<visible>[System.HasPVRAddon] + String.IsEqual(Window(10000).Property(submenuVisibility),livetv)</visible>
			<onclick>ActivateWindow(TVGuide)</onclick>
			<property name="path">ActivateWindow(TVGuide)</property>
			<property name="list">TVGuide</property>
			<visible>String.IsEqual(System.ProfileName,Master user)</visible>
			<property name="group">livetv</property>
			<property name="isSubmenu">True</property>
		</item>
		<item id="2">
			<property name="id">$NUMBER[2]</property>
			<property name="mainmenuid">1</property>
			<label>$LOCALIZE[19019]</label>
			<label2>Live TV</label2>
			<icon>DefaultShortcut.png</icon>
			<thumb />
			<property name="labelID">19019</property>
			<property name="defaultID">19019</property>
			<visible>[System.HasPVRAddon] + String.IsEqual(Window(10000).Property(submenuVisibility),livetv)</visible>
			<onclick>ActivateWindow(TVChannels)</onclick>
			<property name="path">ActivateWindow(TVChannels)</property>
			<property name="list">TVChannels</property>
			<visible>String.IsEqual(System.ProfileName,Master user)</visible>
			<property name="group">livetv</property>
			<property name="isSubmenu">True</property>
		</item>
		<item id="3">
			<property name="id">$NUMBER[3]</property>
			<property name="mainmenuid">1</property>
			<label>$LOCALIZE[19163]</label>
			<label2>Live TV</label2>
			<icon>DefaultShortcut.png</icon>
			<thumb />
			<property name="labelID">19163</property>
			<property name="defaultID">19163</property>
			<visible>[System.HasPVRAddon] + String.IsEqual(Window(10000).Property(submenuVisibility),livetv)</visible>
			<onclick>ActivateWindow(TVRecordings)</onclick>
			<property name="path">ActivateWindow(TVRecordings)</property>
			<property name="list">TVRecordings</property>
			<visible>String.IsEqual(System.ProfileName,Master user)</visible>
			<property name="group">livetv</property>
			<property name="isSubmenu">True</property>
		</item>
		<item id="4">
			<property name="id">$NUMBER[4]</property>
			<property name="mainmenuid">1</property>
			<label>$LOCALIZE[19040]</label>
			<label2>Live TV</label2>
			<icon>DefaultShortcut.png</icon>
			<thumb />
			<property name="labelID">19040</property>
			<property name="defaultID">19040</property>
			<visible>[System.HasPVRAddon] + String.IsEqual(Window(10000).Property(submenuVisibility),livetv)</visible>
			<onclick>ActivateWindow(TVTimers)</onclick>
			<property name="path">ActivateWindow(TVTimers)</property>
			<property name="list">TVTimers</property>
			<visible>String.IsEqual(System.ProfileName,Master user)</visible>
			<property name="group">livetv</property>
			<property name="isSubmenu">True</property>
		</item>
		<item id="5">
			<property name="id">$NUMBER[5]</property>
			<property name="mainmenuid">1</property>
			<label>$LOCALIZE[137]</label>
			<label2>Live TV</label2>
			<icon>DefaultShortcut.png</icon>
			<thumb />
			<property name="labelID">137</property>
			<property name="defaultID">137</property>
			<visible>[System.HasPVRAddon] + String.IsEqual(Window(10000).Property(submenuVisibility),livetv)</visible>
			<onclick>ActivateWindow(TVSearch)</onclick>
			<property name="path">ActivateWindow(TVSearch)</property>
			<property name="list">TVSearch</property>
			<visible>String.IsEqual(System.ProfileName,Master user)</visible>
			<property name="group">livetv</property>
			<property name="isSubmenu">True</property>
		</item>
	</include>
	<include name="skinshortcuts-group-num-19163">
		<description>No items</description>
	</include>
	<include name="skinshortcuts-group-alt-num-19163">
		<description>No items</description>
	</include>
	<include name="skinshortcuts-group-movies">
		<description>No items</description>
	</include>
	<include name="skinshortcuts-group-alt-movies">
		<description>No items</description>
	</include>
	<include name="skinshortcuts-group-plugin-video-discoveryplus">
		<description>No items</description>
	</include>
	<include name="skinshortcuts-group-alt-plugin-video-discoveryplus">
		<description>No items</description>
	</include>
	<include name="skinshortcuts-group-tvshows">
		<description>No items</description>
	</include>
	<include name="skinshortcuts-group-alt-tvshows">
		<description>No items</description>
	</include>
	<include name="skinshortcuts-group-plugin-video-youtube">
		<description>No items</description>
	</include>
	<include name="skinshortcuts-group-alt-plugin-video-youtube">
		<description>No items</description>
	</include>
	<include name="skinshortcuts-group-plugin-video-ytchannels">
		<description>No items</description>
	</include>
	<include name="skinshortcuts-group-alt-plugin-video-ytchannels">
		<description>No items</description>
	</include>
	<include name="skinshortcuts-group-hulu">
		<description>No items</description>
	</include>
	<include name="skinshortcuts-group-alt-hulu">
		<description>No items</description>
	</include>
	<include name="skinshortcuts-group-games">
		<description>No items</description>
	</include>
	<include name="skinshortcuts-group-alt-games">
		<description>No items</description>
	</include>
	<include name="skinshortcuts-group-music">
		<description>No items</description>
	</include>
	<include name="skinshortcuts-group-alt-music">
		<description>No items</description>
	</include>
	<include name="skinshortcuts-group-dvd">
		<item id="1">
			<property name="id">$NUMBER[1]</property>
			<property name="mainmenuid">11</property>
			<label>$ADDON[script.skinshortcuts 32033]</label>
			<label2>$ADDON[script.skinshortcuts 32034]</label2>
			<icon>DefaultDVDFull.png</icon>
			<thumb />
			<property name="labelID">32033</property>
			<property name="defaultID">32033</property>
			<onclick>EjectTray()</onclick>
			<property name="path">EjectTray()</property>
			<property name="list">EjectTray()</property>
			<visible>String.IsEqual(System.ProfileName,Master user)</visible>
			<property name="group">dvd</property>
			<property name="isSubmenu">True</property>
		</item>
	</include>
	<include name="skinshortcuts-group-alt-dvd">
		<item id="1">
			<property name="id">$NUMBER[1]</property>
			<property name="mainmenuid">11</property>
			<label>$ADDON[script.skinshortcuts 32033]</label>
			<label2>$ADDON[script.skinshortcuts 32034]</label2>
			<icon>DefaultDVDFull.png</icon>
			<thumb />
			<property name="labelID">32033</property>
			<property name="defaultID">32033</property>
			<onclick>EjectTray()</onclick>
			<property name="path">EjectTray()</property>
			<property name="list">EjectTray()</property>
			<visible>[String.IsEqual(System.ProfileName,Master user)] + String.IsEqual(Window(10000).Property(submenuVisibility),dvd)</visible>
			<property name="group">dvd</property>
			<property name="isSubmenu">True</property>
		</item>
	</include>
	<include name="skinshortcuts-group-num-10040">
		<item id="1">
			<property name="id">$NUMBER[1]</property>
			<property name="mainmenuid">12</property>
			<label>$LOCALIZE[10001]</label>
			<label2 />
			<icon>resource://resource.images.skinicons.wide/programs.png</icon>
			<thumb />
			<property name="labelID">programs</property>
			<property name="defaultID">programs</property>
			<onclick>ActivateWindow(Programs,Addons,return)</onclick>
			<property name="path">ActivateWindow(Programs,Addons,return)</property>
			<property name="list">Addons</property>
			<visible>String.IsEqual(System.ProfileName,Master user)</visible>
			<property name="group">10040</property>
			<property name="isSubmenu">True</property>
		</item>
		<item id="2">
			<property name="id">$NUMBER[2]</property>
			<property name="mainmenuid">12</property>
			<label>$LOCALIZE[1037]</label>
			<label2 />
			<icon>resource://resource.images.skinicons.wide/videoaddons.png</icon>
			<thumb />
			<property name="labelID">1037</property>
			<property name="defaultID">1037</property>
			<onclick>ActivateWindow(Videos,addons,return)</onclick>
			<property name="path">ActivateWindow(Videos,addons,return)</property>
			<property name="list">addons</property>
			<visible>String.IsEqual(System.ProfileName,Master user)</visible>
			<property name="group">10040</property>
			<property name="isSubmenu">True</property>
		</item>
		<item id="3">
			<property name="id">$NUMBER[3]</property>
			<property name="mainmenuid">12</property>
			<label>$LOCALIZE[1038]</label>
			<label2 />
			<icon>resource://resource.images.skinicons.wide/music.png</icon>
			<thumb />
			<property name="labelID">1038</property>
			<property name="defaultID">1038</property>
			<onclick>ActivateWindow(10502,addons://sources/audio/,return)</onclick>
			<property name="path">ActivateWindow(10502,addons://sources/audio/,return)</property>
			<property name="list">addons://sources/audio/</property>
			<visible>String.IsEqual(System.ProfileName,Master user)</visible>
			<property name="group">10040</property>
			<property name="isSubmenu">True</property>
		</item>
		<item id="4">
			<property name="id">$NUMBER[4]</property>
			<property name="mainmenuid">12</property>
			<label>$LOCALIZE[1039]</label>
			<label2 />
			<icon>resource://resource.images.skinicons.wide/pictures.png</icon>
			<thumb />
			<property name="labelID">1039</property>
			<property name="defaultID">1039</property>
			<onclick>ActivateWindow(Pictures,Addons,return)</onclick>
			<property name="path">ActivateWindow(Pictures,Addons,return)</property>
			<property name="list">Addons</property>
			<visible>String.IsEqual(System.ProfileName,Master user)</visible>
			<property name="group">10040</property>
			<property name="isSubmenu">True</property>
		</item>
	</include>
	<include name="skinshortcuts-group-alt-num-10040">
		<item id="1">
			<property name="id">$NUMBER[1]</property>
			<property name="mainmenuid">12</property>
			<label>$LOCALIZE[10001]</label>
			<label2 />
			<icon>resource://resource.images.skinicons.wide/programs.png</icon>
			<thumb />
			<property name="labelID">programs</property>
			<property name="defaultID">programs</property>
			<onclick>ActivateWindow(Programs,Addons,return)</onclick>
			<property name="path">ActivateWindow(Programs,Addons,return)</property>
			<property name="list">Addons</property>
			<visible>[String.IsEqual(System.ProfileName,Master user)] + String.IsEqual(Window(10000).Property(submenuVisibility),num-10040)</visible>
			<property name="group">10040</property>
			<property name="isSubmenu">True</property>
		</item>
		<item id="2">
			<property name="id">$NUMBER[2]</property>
			<property name="mainmenuid">12</property>
			<label>$LOCALIZE[1037]</label>
			<label2 />
			<icon>resource://resource.images.skinicons.wide/videoaddons.png</icon>
			<thumb />
			<property name="labelID">1037</property>
			<property name="defaultID">1037</property>
			<onclick>ActivateWindow(Videos,addons,return)</onclick>
			<property name="path">ActivateWindow(Videos,addons,return)</property>
			<property name="list">addons</property>
			<visible>[String.IsEqual(System.ProfileName,Master user)] + String.IsEqual(Window(10000).Property(submenuVisibility),num-10040)</visible>
			<property name="group">10040</property>
			<property name="isSubmenu">True</property>
		</item>
		<item id="3">
			<property name="id">$NUMBER[3]</property>
			<property name="mainmenuid">12</property>
			<label>$LOCALIZE[1038]</label>
			<label2 />
			<icon>resource://resource.images.skinicons.wide/music.png</icon>
			<thumb />
			<property name="labelID">1038</property>
			<property name="defaultID">1038</property>
			<onclick>ActivateWindow(10502,addons://sources/audio/,return)</onclick>
			<property name="path">ActivateWindow(10502,addons://sources/audio/,return)</property>
			<property name="list">addons://sources/audio/</property>
			<visible>[String.IsEqual(System.ProfileName,Master user)] + String.IsEqual(Window(10000).Property(submenuVisibility),num-10040)</visible>
			<property name="group">10040</property>
			<property name="isSubmenu">True</property>
		</item>
		<item id="4">
			<property name="id">$NUMBER[4]</property>
			<property name="mainmenuid">12</property>
			<label>$LOCALIZE[1039]</label>
			<label2 />
			<icon>resource://resource.images.skinicons.wide/pictures.png</icon>
			<thumb />
			<property name="labelID">1039</property>
			<property name="defaultID">1039</property>
			<onclick>ActivateWindow(Pictures,Addons,return)</onclick>
			<property name="path">ActivateWindow(Pictures,Addons,return)</property>
			<property name="list">Addons</property>
			<visible>[String.IsEqual(System.ProfileName,Master user)] + String.IsEqual(Window(10000).Property(submenuVisibility),num-10040)</visible>
			<property name="group">10040</property>
			<property name="isSubmenu">True</property>
		</item>
	</include>
	<include name="skinshortcuts-group-settings">
		<item id="1">
			<property name="id">$NUMBER[1]</property>
			<property name="mainmenuid">13</property>
			<label>$LOCALIZE[20077]</label>
			<label2>Settings</label2>
			<icon>resource://resource.images.skinicons.wide/settings.png</icon>
			<thumb />
			<property name="labelID">20077</property>
			<property name="defaultID">20077</property>
			<onclick>ActivateWindow(SkinSettings)</onclick>
			<property name="path">ActivateWindow(SkinSettings)</property>
			<property name="list">SkinSettings</property>
			<visible>String.IsEqual(System.ProfileName,Master user)</visible>
			<property name="group">settings</property>
			<property name="isSubmenu">True</property>
		</item>
		<item id="2">
			<property name="id">$NUMBER[2]</property>
			<property name="mainmenuid">13</property>
			<label>$LOCALIZE[10004]</label>
			<label2>Settings</label2>
			<icon>resource://resource.images.skinicons.wide/settings.png</icon>
			<thumb />
			<property name="labelID">settings</property>
			<property name="defaultID">20077</property>
			<onclick>ActivateWindow(Settings)</onclick>
			<property name="path">ActivateWindow(Settings)</property>
			<property name="list">Settings</property>
			<visible>String.IsEqual(System.ProfileName,Master user)</visible>
			<property name="group">settings</property>
			<property name="isSubmenu">True</property>
		</item>
		<item id="3">
			<property name="id">$NUMBER[3]</property>
			<property name="mainmenuid">13</property>
			<label>$LOCALIZE[7]</label>
			<label2>Common Shortcut</label2>
			<icon>resource://resource.images.skinicons.wide/filemanager.png</icon>
			<thumb />
			<property name="labelID">7</property>
			<property name="defaultID">7</property>
			<onclick>ActivateWindow(FileManager)</onclick>
			<property name="path">ActivateWindow(FileManager)</property>
			<property name="list">FileManager</property>
			<visible>String.IsEqual(System.ProfileName,Master user)</visible>
			<property name="group">settings</property>
			<property name="isSubmenu">True</property>
		</item>
		<item id="4">
			<property name="id">$NUMBER[4]</property>
			<property name="mainmenuid">13</property>
			<label>$LOCALIZE[14111]</label>
			<label2>Common Shortcut</label2>
			<icon>resource://resource.images.skinicons.wide/settings.png</icon>
			<thumb />
			<property name="labelID">14111</property>
			<property name="defaultID">14111</property>
			<visible>system.getbool(eventlog.enabled)</visible>
			<onclick>ActivateWindow(eventlog)</onclick>
			<property name="path">ActivateWindow(eventlog)</property>
			<property name="list">eventlog</property>
			<visible>String.IsEqual(System.ProfileName,Master user)</visible>
			<property name="group">settings</property>
			<property name="isSubmenu">True</property>
		</item>
	</include>
	<include name="skinshortcuts-group-alt-settings">
		<item id="1">
			<property name="id">$NUMBER[1]</property>
			<property name="mainmenuid">13</property>
			<label>$LOCALIZE[20077]</label>
			<label2>Settings</label2>
			<icon>resource://resource.images.skinicons.wide/settings.png</icon>
			<thumb />
			<property name="labelID">20077</property>
			<property name="defaultID">20077</property>
			<onclick>ActivateWindow(SkinSettings)</onclick>
			<property name="path">ActivateWindow(SkinSettings)</property>
			<property name="list">SkinSettings</property>
			<visible>[String.IsEqual(System.ProfileName,Master user)] + String.IsEqual(Window(10000).Property(submenuVisibility),settings)</visible>
			<property name="group">settings</property>
			<property name="isSubmenu">True</property>
		</item>
		<item id="2">
			<property name="id">$NUMBER[2]</property>
			<property name="mainmenuid">13</property>
			<label>$LOCALIZE[10004]</label>
			<label2>Settings</label2>
			<icon>resource://resource.images.skinicons.wide/settings.png</icon>
			<thumb />
			<property name="labelID">settings</property>
			<property name="defaultID">20077</property>
			<onclick>ActivateWindow(Settings)</onclick>
			<property name="path">ActivateWindow(Settings)</property>
			<property name="list">Settings</property>
			<visible>[String.IsEqual(System.ProfileName,Master user)] + String.IsEqual(Window(10000).Property(submenuVisibility),settings)</visible>
			<property name="group">settings</property>
			<property name="isSubmenu">True</property>
		</item>
		<item id="3">
			<property name="id">$NUMBER[3]</property>
			<property name="mainmenuid">13</property>
			<label>$LOCALIZE[7]</label>
			<label2>Common Shortcut</label2>
			<icon>resource://resource.images.skinicons.wide/filemanager.png</icon>
			<thumb />
			<property name="labelID">7</property>
			<property name="defaultID">7</property>
			<onclick>ActivateWindow(FileManager)</onclick>
			<property name="path">ActivateWindow(FileManager)</property>
			<property name="list">FileManager</property>
			<visible>[String.IsEqual(System.ProfileName,Master user)] + String.IsEqual(Window(10000).Property(submenuVisibility),settings)</visible>
			<property name="group">settings</property>
			<property name="isSubmenu">True</property>
		</item>
		<item id="4">
			<property name="id">$NUMBER[4]</property>
			<property name="mainmenuid">13</property>
			<label>$LOCALIZE[14111]</label>
			<label2>Common Shortcut</label2>
			<icon>resource://resource.images.skinicons.wide/settings.png</icon>
			<thumb />
			<property name="labelID">14111</property>
			<property name="defaultID">14111</property>
			<visible>[system.getbool(eventlog.enabled)] + String.IsEqual(Window(10000).Property(submenuVisibility),settings)</visible>
			<onclick>ActivateWindow(eventlog)</onclick>
			<property name="path">ActivateWindow(eventlog)</property>
			<property name="list">eventlog</property>
			<visible>String.IsEqual(System.ProfileName,Master user)</visible>
			<property name="group">settings</property>
			<property name="isSubmenu">True</property>
		</item>
	</include>
	<include name="skinshortcuts-group-powermenu">
		<item id="1">
			<property name="id">$NUMBER[1]</property>
			<property name="mainmenuid">14</property>
			<label>$LOCALIZE[20126]</label>
			<label2>Kodi Command</label2>
			<icon>common/lock.png</icon>
			<thumb />
			<property name="labelID">20126</property>
			<property name="defaultID">20126</property>
			<visible>[[System.HasLoginScreen | Integer.IsGreater(System.ProfileCount,1)] + System.Loggedon] + [System.HasLoginScreen]</visible>
			<onclick condition="Window.IsActive(DialogButtonMenu.xml)">Close</onclick>
			<onclick>System.LogOff</onclick>
			<property name="path">System.LogOff</property>
			<property name="list">System.LogOff</property>
			<visible>String.IsEqual(System.ProfileName,Master user)</visible>
			<property name="group">powermenu</property>
			<property name="isSubmenu">True</property>
		</item>
		<item id="2">
			<property name="id">$NUMBER[2]</property>
			<property name="mainmenuid">14</property>
			<label>$LOCALIZE[5]</label>
			<label2>Kodi Command</label2>
			<icon>common/settings1.png</icon>
			<thumb />
			<property name="labelID">5</property>
			<property name="defaultID">5</property>
			<onclick condition="Window.IsActive(DialogButtonMenu.xml)">Close</onclick>
			<onclick>ActivateWindow(Settings)</onclick>
			<property name="path">ActivateWindow(Settings)</property>
			<property name="list">Settings</property>
			<visible>String.IsEqual(System.ProfileName,Master user)</visible>
			<property name="group">powermenu</property>
			<property name="isSubmenu">True</property>
		</item>
		<item id="3">
			<property name="id">$NUMBER[3]</property>
			<property name="mainmenuid">14</property>
			<label>$LOCALIZE[13009]</label>
			<label2>Kodi Command</label2>
			<icon>common/exit1.png</icon>
			<thumb />
			<property name="labelID">13009</property>
			<property name="defaultID">13009</property>
			<visible>System.ShowExitButton</visible>
			<onclick condition="Window.IsActive(DialogButtonMenu.xml)">Close</onclick>
			<onclick>Quit()</onclick>
			<property name="path">Quit()</property>
			<property name="list">Quit()</property>
			<visible>String.IsEqual(System.ProfileName,Master user)</visible>
			<property name="group">powermenu</property>
			<property name="isSubmenu">True</property>
		</item>
		<item id="4">
			<property name="id">$NUMBER[4]</property>
			<property name="mainmenuid">14</property>
			<label>$LOCALIZE[13016]</label>
			<label2>Kodi Command</label2>
			<icon>common/shutdown1.png</icon>
			<thumb />
			<property name="labelID">13016</property>
			<property name="defaultID">13016</property>
			<onclick condition="Window.IsActive(DialogButtonMenu.xml)">Close</onclick>
			<onclick>ShutDown</onclick>
			<property name="path">ShutDown</property>
			<property name="list">ShutDown</property>
			<visible>String.IsEqual(System.ProfileName,Master user)</visible>
			<property name="group">powermenu</property>
			<property name="isSubmenu">True</property>
		</item>
		<item id="5">
			<property name="id">$NUMBER[5]</property>
			<property name="mainmenuid">14</property>
			<label>$LOCALIZE[13013]</label>
			<label2>Kodi Command</label2>
			<icon>common/reboot1.png</icon>
			<thumb />
			<property name="labelID">13013</property>
			<property name="defaultID">13013</property>
			<onclick condition="Window.IsActive(DialogButtonMenu.xml)">Close</onclick>
			<onclick>Reboot</onclick>
			<property name="path">Reboot</property>
			<property name="list">Reboot</property>
			<visible>String.IsEqual(System.ProfileName,Master user)</visible>
			<property name="group">powermenu</property>
			<property name="isSubmenu">True</property>
		</item>
	</include>
	<include name="skinshortcuts-group-alt-powermenu">
		<item id="1">
			<property name="id">$NUMBER[1]</property>
			<property name="mainmenuid">14</property>
			<label>$LOCALIZE[20126]</label>
			<label2>Kodi Command</label2>
			<icon>common/lock.png</icon>
			<thumb />
			<property name="labelID">20126</property>
			<property name="defaultID">20126</property>
			<visible>[[[System.HasLoginScreen | Integer.IsGreater(System.ProfileCount,1)] + System.Loggedon] + [System.HasLoginScreen]] + String.IsEqual(Window(10000).Property(submenuVisibility),powermenu)</visible>
			<onclick condition="Window.IsActive(DialogButtonMenu.xml)">Close</onclick>
			<onclick>System.LogOff</onclick>
			<property name="path">System.LogOff</property>
			<property name="list">System.LogOff</property>
			<visible>String.IsEqual(System.ProfileName,Master user)</visible>
			<property name="group">powermenu</property>
			<property name="isSubmenu">True</property>
		</item>
		<item id="2">
			<property name="id">$NUMBER[2]</property>
			<property name="mainmenuid">14</property>
			<label>$LOCALIZE[5]</label>
			<label2>Kodi Command</label2>
			<icon>common/settings1.png</icon>
			<thumb />
			<property name="labelID">5</property>
			<property name="defaultID">5</property>
			<onclick condition="Window.IsActive(DialogButtonMenu.xml)">Close</onclick>
			<onclick>ActivateWindow(Settings)</onclick>
			<property name="path">ActivateWindow(Settings)</property>
			<property name="list">Settings</property>
			<visible>[String.IsEqual(System.ProfileName,Master user)] + String.IsEqual(Window(10000).Property(submenuVisibility),powermenu)</visible>
			<property name="group">powermenu</property>
			<property name="isSubmenu">True</property>
		</item>
		<item id="3">
			<property name="id">$NUMBER[3]</property>
			<property name="mainmenuid">14</property>
			<label>$LOCALIZE[13009]</label>
			<label2>Kodi Command</label2>
			<icon>common/exit1.png</icon>
			<thumb />
			<property name="labelID">13009</property>
			<property name="defaultID">13009</property>
			<visible>[System.ShowExitButton] + String.IsEqual(Window(10000).Property(submenuVisibility),powermenu)</visible>
			<onclick condition="Window.IsActive(DialogButtonMenu.xml)">Close</onclick>
			<onclick>Quit()</onclick>
			<property name="path">Quit()</property>
			<property name="list">Quit()</property>
			<visible>String.IsEqual(System.ProfileName,Master user)</visible>
			<property name="group">powermenu</property>
			<property name="isSubmenu">True</property>
		</item>
		<item id="4">
			<property name="id">$NUMBER[4]</property>
			<property name="mainmenuid">14</property>
			<label>$LOCALIZE[13016]</label>
			<label2>Kodi Command</label2>
			<icon>common/shutdown1.png</icon>
			<thumb />
			<property name="labelID">13016</property>
			<property name="defaultID">13016</property>
			<onclick condition="Window.IsActive(DialogButtonMenu.xml)">Close</onclick>
			<onclick>ShutDown</onclick>
			<property name="path">ShutDown</property>
			<property name="list">ShutDown</property>
			<visible>[String.IsEqual(System.ProfileName,Master user)] + String.IsEqual(Window(10000).Property(submenuVisibility),powermenu)</visible>
			<property name="group">powermenu</property>
			<property name="isSubmenu">True</property>
		</item>
		<item id="5">
			<property name="id">$NUMBER[5]</property>
			<property name="mainmenuid">14</property>
			<label>$LOCALIZE[13013]</label>
			<label2>Kodi Command</label2>
			<icon>common/reboot1.png</icon>
			<thumb />
			<property name="labelID">13013</property>
			<property name="defaultID">13013</property>
			<onclick condition="Window.IsActive(DialogButtonMenu.xml)">Close</onclick>
			<onclick>Reboot</onclick>
			<property name="path">Reboot</property>
			<property name="list">Reboot</property>
			<visible>[String.IsEqual(System.ProfileName,Master user)] + String.IsEqual(Window(10000).Property(submenuVisibility),powermenu)</visible>
			<property name="group">powermenu</property>
			<property name="isSubmenu">True</property>
		</item>
	</include>
</includes>
