<?xml version='1.0' encoding='UTF-8'?>
<shortcuts>
	<shortcut>
		<defaultID>recommendedmedia</defaultID>
		<label>Recommended Media</label>
		<label2 />
		<icon>DefaultShortcut.png</icon>
		<thumb />
		<action>ActivateWindow(Videos,plugin://script.skin.helper.widgets/?action=Recommended&amp;mediatype=Media&amp;limit=100&amp;reload=$INFO[Window(Home).Property(widgetreload)],return)</action>
	</shortcut>
	<shortcut>
		<defaultID>inprogressmedia</defaultID>
		<label>In-progress Media</label>
		<label2 />
		<icon>DefaultShortcut.png</icon>
		<thumb />
		<action>ActivateWindow(Videos,plugin://script.skin.helper.widgets/?action=inprogress&amp;mediatype=media&amp;limit=100&amp;reload=$INFO[Window(Home).Property(widgetreload)],return)</action>
	</shortcut>
	<shortcut>
		<defaultID>recentmedia</defaultID>
		<label>Recent media</label>
		<label2 />
		<icon>DefaultShortcut.png</icon>
		<thumb />
		<action>ActivateWindow(Videos,plugin://script.skin.helper.widgets/?action=recent&amp;mediatype=media&amp;limit=100&amp;reload=$INFO[Window(Home).Property(widgetreload)],return)</action>
	</shortcut>
	<shortcut>
		<defaultID>similarmovies</defaultID>
		<label>Similar Movies</label>
		<label2 />
		<icon>DefaultShortcut.png</icon>
		<thumb />
		<action>ActivateWindow(Videos,plugin://script.skin.helper.widgets/?action=similar&amp;mediatype=movies&amp;limit=100&amp;reload=$INFO[Window(Home).Property(widgetreload)],return)</action>
	</shortcut>
	<shortcut>
		<defaultID>favouritemedia</defaultID>
		<label>Favourite Media</label>
		<label2 />
		<icon>DefaultShortcut.png</icon>
		<thumb />
		<action>ActivateWindow(Videos,plugin://script.skin.helper.widgets/?action=favourite&amp;mediatype=media&amp;limit=100&amp;reload=$INFO[Window(Home).Property(widgetreload2)],return)</action>
	</shortcut>
	<shortcut>
		<defaultID>favourites</defaultID>
		<label>Favourites</label>
		<label2 />
		<icon>DefaultShortcut.png</icon>
		<thumb />
		<action>ActivateWindow(Videos,plugin://script.skin.helper.widgets/?action=favourites&amp;limit=100&amp;reload=$INFO[Window(Home).Property(widgetreload2)],return)</action>
	</shortcut>
	<shortcut>
		<defaultID />
		<label>$LOCALIZE[342]</label>
		<label2>Video's</label2>
		<icon>DefaultShortcut.png</icon>
		<thumb />
		<action>ActivateWindow(10025,"library://video/movies/",return)</action>
	</shortcut>
	<shortcut>
		<defaultID />
		<label>$LOCALIZE[20343]</label>
		<label2>Video's</label2>
		<icon>DefaultShortcut.png</icon>
		<thumb />
		<action>ActivateWindow(10025,"library://video/tvshows/",return)</action>
	</shortcut>
	<shortcut>
		<defaultID>music</defaultID>
		<label>$LOCALIZE[10005]</label>
		<label2 />
		<icon>resource://resource.images.skinicons.wide/music.png</icon>
		<thumb />
		<action>ActivateWindow(10502,musicdb://,return)</action>
	</shortcut>
</shortcuts>
