<?xml version="1.0" encoding="UTF-8" standalone="yes"?>
<addon id="script.module.metadatautils"
		name="Metadata and Artwork module"
		version="1.0.28.025"
		provider-name="marcelveldt, finkleandeinhorn, cartmandos, YLLOW_DRAGON">
	<requires>
		<import addon="xbmc.python" version="3.0.0"/>
		<import addon="script.module.requests" version="2.3.0"/>
		<!-- <import addon="script.module.beautifulsoup" version="3.0.8" /> -->
		<import addon="script.module.beautifulsoup4" version="4.0.0" />
		<import addon="script.module.thetvdb" version="0.0.1" />
		<import addon="script.module.musicbrainz" version="0.0.1" />
		<import addon="script.module.simplecache" version="1.0.0"/>
		<import addon="script.module.arrow" version="0.6.0"/>
	</requires>
	<extension point="xbmc.python.module" library="lib" />
	<extension point="xbmc.addon.metadata">
		<summary lang="en_GB">Metadata and artwork from common sources TMDB, IMDB and fanart.tv</summary>
		<summary lang="ru_RU">Метаданные и иллюстраций из общих источников TMDb, IMDB и fanart.tv</summary>
		<summary lang="uk_UA">Метадані і ілюстрацій із загальних джерел TMDb, IMDB та fanart.tv</summary>
		<description lang="en_GB">The artwork and metadata module provides rich metadata, including artwork for various metatypes by scraping this information from sites like TMDB, musicbrainz and fanart.tv.</description>
		<description lang="ru_RU">Модуль artwork and metadata получает метаданные и иллюстраций для различные метатипов с сайтов TMDb, MusicBrainz и fanart.tv.</description>
		<description lang="uk_UA">Модуль artwork and metadata отримує метадані та ілюстрацій для різні метатіпов з сайтів TMDb, MusicBrainz та fanart.tv.</description>
		<license>Apache 2.0</license>
		<platform>all</platform>
		<email>nkvoronov@gmail.com</email>
		<source>https://github.com/nkvoronov/script.module.metadatautils.git</source>
		<assets>
			<icon>resources/icon.png</icon>
		</assets>
	</extension>
</addon>
