<?xml version="1.0" encoding="UTF-8" standalone="yes"?>
<addon id="script.skinshortcuts" name="Skin Shortcuts" version="1.1.3+matrix.1" provider-name="BigNoid, marcelveldt, SiLVO">
	<requires>
		<import addon="xbmc.python" version="3.0.0"/>
		<import addon="script.module.unidecode" version="0.4.14"/>
		<import addon="script.module.simpleeval" version="0.9.10"/>
	</requires>
	<extension point="xbmc.python.library" library="default.py"/>
	<extension point="xbmc.addon.metadata">
		<description lang="de_DE">Add-on für Skins für einfache Bearbeitung und Auflistung von benutzerdefinierten Verknüpfungen (erfordert Skin-Unterstützung)</description>
		<description lang="el_GR">Πρόσθετο για κελύφη, το οποίο παρέχει έναν απλό τρόπο διαχείρισης και κατηγοριοποίησης των συντομεύσεων του χρήστη (πρέπει να υποστηρίζεται από το κέλυφος)</description>
		<description lang="en_GB">Add-on for skins to provide simple managing and listing of user shortcuts (requires skin support)</description>
		<description lang="en_NZ">Add-on for skins to provide simple managing and listing of user shortcuts (requires skin support)</description>
		<description lang="en_US">Add-on for skins to provide simple managing and listing of user shortcuts (requires skin support)</description>
		<description lang="es_ES">Complemento para las pieles para proporcionar una gestión sencilla y lista de atajos de usuario (requiere que la piel lo soporte)</description>
		<description lang="fr_CA">Addiciel pour habillages qui fournit une gestion simple et un listage des raccourcis utilisateurs (exige la prise en charge de l'habillage)</description>
		<description lang="gl_ES">Complemento que fornece aos temas dunha xestión sinxela dos atallos dos usuarios (require soporte do tema)</description>
		<description lang="hu_HU">Felszín kiegészítő amely könnyen kezelhetővé és listázhatóvá teszi a felhasználói parancsikonokat (Felszín támogatás szükséges)</description>
		<description lang="is_IS">Viðbót fyrir viðmót til að halda utan um flýtivísa og fá yfirlit yfir þá (þarfnast stuðnings frá viðmóti)</description>
		<description lang="it_IT">Add-on per gli skin per consentire un facile gestione ed elenco delle scorciatoie utente (richiede che lo skin lo supporti)</description>
		<description lang="lt_LT">Priedas teminėms išvaizdoms, kad jos turėtų galimybę paprastai tvarkyti ir atvaizduoti vartotojo  sukurtas nuorodas (reikalingas teminės išvaizdos palaikymas)</description>
		<description lang="nl_NL">Add-on voor skins om te voorzien in het eenvoudig beheren en sorteren van gebruikers snelkoppelingen (vereist skin ondersteuning)</description>
		<description lang="nb_NO">Tillegg for enkel administrering og opplisting av bruker-snarveier i tema (krever støtte i tema)</description>
		<description lang="pl_PL">Wtyczka dla skór, która zapewnia proste zarządzanie i tworzenie list skrótów użytkownika (wymaga wsparcia skóry)</description>
		<description lang="pt_PT">Um add-on que permite que os temas tenham recursos simples para gerir e listar atalhos de utilizadores (é necessário suporte do tema)</description>
		<description lang="pt_BR">Add-on para que as skins possam prover gerenciamento de lista de atalhos para o menu principal (requer suporte da skin)</description>
		<description lang="ru_RU">Дополнение для обложек, предоставляющее простой способ управления и список пользовательских ярлыков (требуется поддержка обложкой)</description>
		<description lang="sk_SK">Doplnok poskytujúci jednoduchý manažment zoznamu užívateľských odkazov (vyžaduje podporu v doplnku pre vzhľad)</description>
		<description lang="sv_SE">Skinntillägg som tillhandahåller enkel hantering och översikt av användargenvägar (om skinnet stöder det)</description>
		<description lang="zh_TW">插件为皮肤提供了简单的管理和用户连接方式列表 (需要皮肤支持)</description>
		<platform>all</platform>
		<license>GPL-2.0-only</license>
		<forum>https://forum.kodi.tv/showthread.php?tid=178294</forum>
		<source>https://github.com/mikesilvo164/script.skinshortcuts</source>
		<assets>
			<icon>icon.png</icon>
			<fanart>fanart.jpg</fanart>
		</assets>
		<news>Kodi v19 Matrix + Python 3 compatibility</news>
	</extension>
</addon>
